{
    "xgboost": {
        "metrics": {
            "mae": 76342.77618239356,
            "rmse": 113253.38387935926,
            "r2": 0.9863622682895413
        },
        "feature_importance": {
            "hora_sin": 0.003244637046009302,
            "hora_cos": 0.03072494827210903,
            "dia_semana_sin": 0.0026126643642783165,
            "dia_semana_cos": 0.0027107633650302887,
            "mes_sin": 0.004967123735696077,
            "mes_cos": 0.007294097915291786,
            "tendencia": 0.005654559005051851,
            "lag_1": 0.9329834580421448,
            "lag_24": 0.0030506278853863478,
            "lag_168": 0.006757069379091263
        }
    },
    "prophet": {
        "metrics": {
            "mae_3d": 988598.0,
            "rmse_3d": 1144970.0,
            "mape_3d": 0.127
        }
    }
}